{
  "id": "music-fade-out",
  "name": "music-fade-out",
  "title": "Music Fade Out",
  "description": "Fades out music for all players based on registerd configuration",
  "authors": [{"name":"CoreyJSteiner"}],
  "version": "0.0.10",
	"socket": true,
  "compatibility": {
      "minimum": "11",
      "verified": "11"
    },
  "scripts": ["music-fade-out.js"],
  "relationships": {
      "requires": []
  },
  "url": "https://github.com/CoreyJSteiner/music-fade-out/",
  "manifest": "https://github.com/CoreyJSteiner/music-fade-out/raw/master/module.json",
  "download": "https://github.com/CoreyJSteiner/music-fade-out/raw/master/music-fade-out.zip"
}